{
    "$schema": "https://schema.management.azure.com/schemas/2015-01-01/deploymentTemplate.json#",
    "contentVersion": "1.0.0.0",
    "parameters": {
        "vulnerabilityAssessments_Default_storageContainerPath": {
            "type": "SecureString"
        },
        "servers_cbfcm_name": {
            "defaultValue": "cbfcm",
            "type": "String"
        },
        "storageAccounts_cbrawdata_name": {
            "defaultValue": "cbrawdata",
            "type": "String"
        }
    },
    "variables": {},
    "resources": [
        {
            "type": "Microsoft.Sql/servers",
            "apiVersion": "2019-06-01-preview",
            "name": "[parameters('servers_cbfcm_name')]",
            "location": "eastus",
            "kind": "v12.0",
            "properties": {
                "administratorLogin": "midas",
                "version": "12.0",
                "publicNetworkAccess": "Enabled"
            }
        },
        {
            "type": "Microsoft.Storage/storageAccounts",
            "apiVersion": "2019-06-01",
            "name": "[parameters('storageAccounts_cbrawdata_name')]",
            "location": "eastus",
            "sku": {
                "name": "Standard_RAGRS",
                "tier": "Standard"
            },
            "kind": "StorageV2",
            "properties": {
                "networkAcls": {
                    "bypass": "AzureServices",
                    "virtualNetworkRules": [],
                    "ipRules": [],
                    "defaultAction": "Allow"
                },
                "supportsHttpsTrafficOnly": true,
                "encryption": {
                    "services": {
                        "file": {
                            "keyType": "Account",
                            "enabled": true
                        },
                        "blob": {
                            "keyType": "Account",
                            "enabled": true
                        }
                    },
                    "keySource": "Microsoft.Storage"
                },
                "accessTier": "Hot"
            }
        },
        {
            "type": "Microsoft.Sql/servers/advisors",
            "apiVersion": "2014-04-01",
            "name": "[concat(parameters('servers_cbfcm_name'), '/CreateIndex')]",
            "dependsOn": [
                "[resourceId('Microsoft.Sql/servers', parameters('servers_cbfcm_name'))]"
            ],
            "properties": {
                "autoExecuteValue": "Disabled"
            }
        },
        {
            "type": "Microsoft.Sql/servers/advisors",
            "apiVersion": "2014-04-01",
            "name": "[concat(parameters('servers_cbfcm_name'), '/DbParameterization')]",
            "dependsOn": [
                "[resourceId('Microsoft.Sql/servers', parameters('servers_cbfcm_name'))]"
            ],
            "properties": {
                "autoExecuteValue": "Disabled"
            }
        },
        {
            "type": "Microsoft.Sql/servers/advisors",
            "apiVersion": "2014-04-01",
            "name": "[concat(parameters('servers_cbfcm_name'), '/DefragmentIndex')]",
            "dependsOn": [
                "[resourceId('Microsoft.Sql/servers', parameters('servers_cbfcm_name'))]"
            ],
            "properties": {
                "autoExecuteValue": "Disabled"
            }
        },
        {
            "type": "Microsoft.Sql/servers/advisors",
            "apiVersion": "2014-04-01",
            "name": "[concat(parameters('servers_cbfcm_name'), '/DropIndex')]",
            "dependsOn": [
                "[resourceId('Microsoft.Sql/servers', parameters('servers_cbfcm_name'))]"
            ],
            "properties": {
                "autoExecuteValue": "Disabled"
            }
        },
        {
            "type": "Microsoft.Sql/servers/advisors",
            "apiVersion": "2014-04-01",
            "name": "[concat(parameters('servers_cbfcm_name'), '/ForceLastGoodPlan')]",
            "dependsOn": [
                "[resourceId('Microsoft.Sql/servers', parameters('servers_cbfcm_name'))]"
            ],
            "properties": {
                "autoExecuteValue": "Enabled"
            }
        },
        {
            "type": "Microsoft.Sql/servers/auditingPolicies",
            "apiVersion": "2014-04-01",
            "name": "[concat(parameters('servers_cbfcm_name'), '/Default')]",
            "location": "East US",
            "dependsOn": [
                "[resourceId('Microsoft.Sql/servers', parameters('servers_cbfcm_name'))]"
            ],
            "properties": {
                "auditingState": "Disabled"
            }
        },
        {
            "type": "Microsoft.Sql/servers/auditingSettings",
            "apiVersion": "2017-03-01-preview",
            "name": "[concat(parameters('servers_cbfcm_name'), '/Default')]",
            "dependsOn": [
                "[resourceId('Microsoft.Sql/servers', parameters('servers_cbfcm_name'))]"
            ],
            "properties": {
                "state": "Disabled",
                "retentionDays": 0,
                "auditActionsAndGroups": [],
                "storageAccountSubscriptionId": "00000000-0000-0000-0000-000000000000",
                "isStorageSecondaryKeyInUse": false,
                "isAzureMonitorTargetEnabled": false
            }
        },
        {
            "type": "Microsoft.Sql/servers/databases",
            "apiVersion": "2019-06-01-preview",
            "name": "[concat(parameters('servers_cbfcm_name'), '/CB_FoodCrisisManagement')]",
            "location": "eastus",
            "dependsOn": [
                "[resourceId('Microsoft.Sql/servers', parameters('servers_cbfcm_name'))]"
            ],
            "sku": {
                "name": "Standard",
                "tier": "Standard",
                "capacity": 20
            },
            "kind": "v12.0,user",
            "properties": {
                "collation": "SQL_Latin1_General_CP1_CI_AS",
                "maxSizeBytes": 268435456000,
                "catalogCollation": "SQL_Latin1_General_CP1_CI_AS",
                "zoneRedundant": false,
                "readScale": "Disabled",
                "readReplicaCount": 0,
                "storageAccountType": "GRS"
            }
        },
        {
            "type": "Microsoft.Sql/servers/databases/auditingPolicies",
            "apiVersion": "2014-04-01",
            "name": "[concat(parameters('servers_cbfcm_name'), '/master/Default')]",
            "location": "East US",
            "dependsOn": [
                "[resourceId('Microsoft.Sql/servers', parameters('servers_cbfcm_name'))]"
            ],
            "properties": {
                "auditingState": "Disabled"
            }
        },
        {
            "type": "Microsoft.Sql/servers/databases/auditingSettings",
            "apiVersion": "2017-03-01-preview",
            "name": "[concat(parameters('servers_cbfcm_name'), '/master/Default')]",
            "dependsOn": [
                "[resourceId('Microsoft.Sql/servers', parameters('servers_cbfcm_name'))]"
            ],
            "properties": {
                "state": "Disabled",
                "retentionDays": 0,
                "storageAccountSubscriptionId": "00000000-0000-0000-0000-000000000000",
                "isAzureMonitorTargetEnabled": false
            }
        },
        {
            "type": "Microsoft.Sql/servers/databases/extendedAuditingSettings",
            "apiVersion": "2017-03-01-preview",
            "name": "[concat(parameters('servers_cbfcm_name'), '/master/Default')]",
            "dependsOn": [
                "[resourceId('Microsoft.Sql/servers', parameters('servers_cbfcm_name'))]"
            ],
            "properties": {
                "state": "Disabled",
                "retentionDays": 0,
                "storageAccountSubscriptionId": "00000000-0000-0000-0000-000000000000",
                "isAzureMonitorTargetEnabled": false
            }
        },
        {
            "type": "Microsoft.Sql/servers/databases/geoBackupPolicies",
            "apiVersion": "2014-04-01",
            "name": "[concat(parameters('servers_cbfcm_name'), '/master/Default')]",
            "location": "East US",
            "dependsOn": [
                "[resourceId('Microsoft.Sql/servers', parameters('servers_cbfcm_name'))]"
            ],
            "properties": {
                "state": "Enabled"
            }
        },
        {
            "type": "Microsoft.Sql/servers/databases/securityAlertPolicies",
            "apiVersion": "2018-06-01-preview",
            "name": "[concat(parameters('servers_cbfcm_name'), '/master/Default')]",
            "dependsOn": [
                "[resourceId('Microsoft.Sql/servers', parameters('servers_cbfcm_name'))]"
            ],
            "properties": {
                "state": "Disabled",
                "disabledAlerts": [
                    ""
                ],
                "emailAddresses": [
                    ""
                ],
                "emailAccountAdmins": false,
                "retentionDays": 0
            }
        },
        {
            "type": "Microsoft.Sql/servers/databases/transparentDataEncryption",
            "apiVersion": "2014-04-01",
            "name": "[concat(parameters('servers_cbfcm_name'), '/master/current')]",
            "location": "East US",
            "dependsOn": [
                "[resourceId('Microsoft.Sql/servers', parameters('servers_cbfcm_name'))]"
            ],
            "properties": {
                "status": "Disabled"
            }
        },
        {
            "type": "Microsoft.Sql/servers/databases/vulnerabilityAssessments",
            "apiVersion": "2017-03-01-preview",
            "name": "[concat(parameters('servers_cbfcm_name'), '/master/Default')]",
            "dependsOn": [
                "[resourceId('Microsoft.Sql/servers', parameters('servers_cbfcm_name'))]"
            ],
            "properties": {
                "recurringScans": {
                    "isEnabled": false,
                    "emailSubscriptionAdmins": true
                }
            }
        },
        {
            "type": "Microsoft.Sql/servers/encryptionProtector",
            "apiVersion": "2015-05-01-preview",
            "name": "[concat(parameters('servers_cbfcm_name'), '/current')]",
            "dependsOn": [
                "[resourceId('Microsoft.Sql/servers', parameters('servers_cbfcm_name'))]"
            ],
            "kind": "servicemanaged",
            "properties": {
                "serverKeyName": "ServiceManaged",
                "serverKeyType": "ServiceManaged"
            }
        },
        {
            "type": "Microsoft.Sql/servers/extendedAuditingSettings",
            "apiVersion": "2017-03-01-preview",
            "name": "[concat(parameters('servers_cbfcm_name'), '/Default')]",
            "dependsOn": [
                "[resourceId('Microsoft.Sql/servers', parameters('servers_cbfcm_name'))]"
            ],
            "properties": {
                "state": "Disabled",
                "retentionDays": 0,
                "auditActionsAndGroups": [],
                "storageAccountSubscriptionId": "00000000-0000-0000-0000-000000000000",
                "isStorageSecondaryKeyInUse": false,
                "isAzureMonitorTargetEnabled": false
            }
        },
        {
            "type": "Microsoft.Sql/servers/firewallRules",
            "apiVersion": "2015-05-01-preview",
            "name": "[concat(parameters('servers_cbfcm_name'), '/AllowAllWindowsAzureIps')]",
            "dependsOn": [
                "[resourceId('Microsoft.Sql/servers', parameters('servers_cbfcm_name'))]"
            ],
            "properties": {
                "startIpAddress": "0.0.0.0",
                "endIpAddress": "0.0.0.0"
            }
        },
        {
            "type": "Microsoft.Sql/servers/firewallRules",
            "apiVersion": "2015-05-01-preview",
            "name": "[concat(parameters('servers_cbfcm_name'), '/ClientIPAddress_2020-6-3_21-2-14')]",
            "dependsOn": [
                "[resourceId('Microsoft.Sql/servers', parameters('servers_cbfcm_name'))]"
            ],
            "properties": {
                "startIpAddress": "223.235.242.64",
                "endIpAddress": "223.235.242.64"
            }
        },
        {
            "type": "Microsoft.Sql/servers/firewallRules",
            "apiVersion": "2015-05-01-preview",
            "name": "[concat(parameters('servers_cbfcm_name'), '/ClientIPAddress_2020-6-4_10-35-18')]",
            "dependsOn": [
                "[resourceId('Microsoft.Sql/servers', parameters('servers_cbfcm_name'))]"
            ],
            "properties": {
                "startIpAddress": "122.172.52.42",
                "endIpAddress": "122.172.52.42"
            }
        },
        {
            "type": "Microsoft.Sql/servers/firewallRules",
            "apiVersion": "2015-05-01-preview",
            "name": "[concat(parameters('servers_cbfcm_name'), '/ClientIPAddress_2020-6-4_17-11-54')]",
            "dependsOn": [
                "[resourceId('Microsoft.Sql/servers', parameters('servers_cbfcm_name'))]"
            ],
            "properties": {
                "startIpAddress": "106.206.114.96",
                "endIpAddress": "106.206.114.96"
            }
        },
        {
            "type": "Microsoft.Sql/servers/firewallRules",
            "apiVersion": "2015-05-01-preview",
            "name": "[concat(parameters('servers_cbfcm_name'), '/ClientIPAddress_2020-6-5_14-27-45')]",
            "dependsOn": [
                "[resourceId('Microsoft.Sql/servers', parameters('servers_cbfcm_name'))]"
            ],
            "properties": {
                "startIpAddress": "223.226.69.176",
                "endIpAddress": "223.226.69.176"
            }
        },
        {
            "type": "Microsoft.Sql/servers/firewallRules",
            "apiVersion": "2015-05-01-preview",
            "name": "[concat(parameters('servers_cbfcm_name'), '/ClientIPAddress_2020-6-5_8-29-15')]",
            "dependsOn": [
                "[resourceId('Microsoft.Sql/servers', parameters('servers_cbfcm_name'))]"
            ],
            "properties": {
                "startIpAddress": "122.172.126.39",
                "endIpAddress": "122.172.126.39"
            }
        },
        {
            "type": "Microsoft.Sql/servers/keys",
            "apiVersion": "2015-05-01-preview",
            "name": "[concat(parameters('servers_cbfcm_name'), '/ServiceManaged')]",
            "dependsOn": [
                "[resourceId('Microsoft.Sql/servers', parameters('servers_cbfcm_name'))]"
            ],
            "kind": "servicemanaged",
            "properties": {
                "serverKeyType": "ServiceManaged"
            }
        },
        {
            "type": "Microsoft.Sql/servers/securityAlertPolicies",
            "apiVersion": "2017-03-01-preview",
            "name": "[concat(parameters('servers_cbfcm_name'), '/Default')]",
            "dependsOn": [
                "[resourceId('Microsoft.Sql/servers', parameters('servers_cbfcm_name'))]"
            ],
            "properties": {
                "state": "Disabled",
                "disabledAlerts": [
                    ""
                ],
                "emailAddresses": [
                    ""
                ],
                "emailAccountAdmins": false,
                "retentionDays": 0
            }
        },
        {
            "type": "Microsoft.Sql/servers/vulnerabilityAssessments",
            "apiVersion": "2018-06-01-preview",
            "name": "[concat(parameters('servers_cbfcm_name'), '/Default')]",
            "dependsOn": [
                "[resourceId('Microsoft.Sql/servers', parameters('servers_cbfcm_name'))]"
            ],
            "properties": {
                "recurringScans": {
                    "isEnabled": false,
                    "emailSubscriptionAdmins": true
                },
                "storageContainerPath": "[parameters('vulnerabilityAssessments_Default_storageContainerPath')]"
            }
        },
        {
            "type": "Microsoft.Storage/storageAccounts/blobServices",
            "apiVersion": "2019-06-01",
            "name": "[concat(parameters('storageAccounts_cbrawdata_name'), '/default')]",
            "dependsOn": [
                "[resourceId('Microsoft.Storage/storageAccounts', parameters('storageAccounts_cbrawdata_name'))]"
            ],
            "sku": {
                "name": "Standard_RAGRS",
                "tier": "Standard"
            },
            "properties": {
                "cors": {
                    "corsRules": []
                },
                "deleteRetentionPolicy": {
                    "enabled": false
                }
            }
        },
        {
            "type": "Microsoft.Storage/storageAccounts/fileServices",
            "apiVersion": "2019-06-01",
            "name": "[concat(parameters('storageAccounts_cbrawdata_name'), '/default')]",
            "dependsOn": [
                "[resourceId('Microsoft.Storage/storageAccounts', parameters('storageAccounts_cbrawdata_name'))]"
            ],
            "sku": {
                "name": "Standard_RAGRS",
                "tier": "Standard"
            },
            "properties": {
                "cors": {
                    "corsRules": []
                }
            }
        },
        {
            "type": "Microsoft.Sql/servers/databases/advisors",
            "apiVersion": "2014-04-01",
            "name": "[concat(parameters('servers_cbfcm_name'), '/CB_FoodCrisisManagement/CreateIndex')]",
            "dependsOn": [
                "[resourceId('Microsoft.Sql/servers/databases', parameters('servers_cbfcm_name'), 'CB_FoodCrisisManagement')]",
                "[resourceId('Microsoft.Sql/servers', parameters('servers_cbfcm_name'))]"
            ],
            "properties": {
                "autoExecuteValue": "Disabled"
            }
        },
        {
            "type": "Microsoft.Sql/servers/databases/advisors",
            "apiVersion": "2014-04-01",
            "name": "[concat(parameters('servers_cbfcm_name'), '/CB_FoodCrisisManagement/DbParameterization')]",
            "dependsOn": [
                "[resourceId('Microsoft.Sql/servers/databases', parameters('servers_cbfcm_name'), 'CB_FoodCrisisManagement')]",
                "[resourceId('Microsoft.Sql/servers', parameters('servers_cbfcm_name'))]"
            ],
            "properties": {
                "autoExecuteValue": "Disabled"
            }
        },
        {
            "type": "Microsoft.Sql/servers/databases/advisors",
            "apiVersion": "2014-04-01",
            "name": "[concat(parameters('servers_cbfcm_name'), '/CB_FoodCrisisManagement/DefragmentIndex')]",
            "dependsOn": [
                "[resourceId('Microsoft.Sql/servers/databases', parameters('servers_cbfcm_name'), 'CB_FoodCrisisManagement')]",
                "[resourceId('Microsoft.Sql/servers', parameters('servers_cbfcm_name'))]"
            ],
            "properties": {
                "autoExecuteValue": "Disabled"
            }
        },
        {
            "type": "Microsoft.Sql/servers/databases/advisors",
            "apiVersion": "2014-04-01",
            "name": "[concat(parameters('servers_cbfcm_name'), '/CB_FoodCrisisManagement/DropIndex')]",
            "dependsOn": [
                "[resourceId('Microsoft.Sql/servers/databases', parameters('servers_cbfcm_name'), 'CB_FoodCrisisManagement')]",
                "[resourceId('Microsoft.Sql/servers', parameters('servers_cbfcm_name'))]"
            ],
            "properties": {
                "autoExecuteValue": "Disabled"
            }
        },
        {
            "type": "Microsoft.Sql/servers/databases/advisors",
            "apiVersion": "2014-04-01",
            "name": "[concat(parameters('servers_cbfcm_name'), '/CB_FoodCrisisManagement/ForceLastGoodPlan')]",
            "dependsOn": [
                "[resourceId('Microsoft.Sql/servers/databases', parameters('servers_cbfcm_name'), 'CB_FoodCrisisManagement')]",
                "[resourceId('Microsoft.Sql/servers', parameters('servers_cbfcm_name'))]"
            ],
            "properties": {
                "autoExecuteValue": "Enabled"
            }
        },
        {
            "type": "Microsoft.Sql/servers/databases/auditingPolicies",
            "apiVersion": "2014-04-01",
            "name": "[concat(parameters('servers_cbfcm_name'), '/CB_FoodCrisisManagement/Default')]",
            "location": "East US",
            "dependsOn": [
                "[resourceId('Microsoft.Sql/servers/databases', parameters('servers_cbfcm_name'), 'CB_FoodCrisisManagement')]",
                "[resourceId('Microsoft.Sql/servers', parameters('servers_cbfcm_name'))]"
            ],
            "properties": {
                "auditingState": "Disabled"
            }
        },
        {
            "type": "Microsoft.Sql/servers/databases/auditingSettings",
            "apiVersion": "2017-03-01-preview",
            "name": "[concat(parameters('servers_cbfcm_name'), '/CB_FoodCrisisManagement/Default')]",
            "dependsOn": [
                "[resourceId('Microsoft.Sql/servers/databases', parameters('servers_cbfcm_name'), 'CB_FoodCrisisManagement')]",
                "[resourceId('Microsoft.Sql/servers', parameters('servers_cbfcm_name'))]"
            ],
            "properties": {
                "state": "Disabled",
                "retentionDays": 0,
                "storageAccountSubscriptionId": "00000000-0000-0000-0000-000000000000",
                "isAzureMonitorTargetEnabled": false
            }
        },
        {
            "type": "Microsoft.Sql/servers/databases/backupLongTermRetentionPolicies",
            "apiVersion": "2017-03-01-preview",
            "name": "[concat(parameters('servers_cbfcm_name'), '/CB_FoodCrisisManagement/default')]",
            "dependsOn": [
                "[resourceId('Microsoft.Sql/servers/databases', parameters('servers_cbfcm_name'), 'CB_FoodCrisisManagement')]",
                "[resourceId('Microsoft.Sql/servers', parameters('servers_cbfcm_name'))]"
            ],
            "properties": {
                "weeklyRetention": "PT0S",
                "monthlyRetention": "PT0S",
                "yearlyRetention": "PT0S",
                "weekOfYear": 0
            }
        },
        {
            "type": "Microsoft.Sql/servers/databases/backupShortTermRetentionPolicies",
            "apiVersion": "2017-10-01-preview",
            "name": "[concat(parameters('servers_cbfcm_name'), '/CB_FoodCrisisManagement/default')]",
            "dependsOn": [
                "[resourceId('Microsoft.Sql/servers/databases', parameters('servers_cbfcm_name'), 'CB_FoodCrisisManagement')]",
                "[resourceId('Microsoft.Sql/servers', parameters('servers_cbfcm_name'))]"
            ],
            "properties": {
                "retentionDays": 7
            }
        },
        {
            "type": "Microsoft.Sql/servers/databases/extendedAuditingSettings",
            "apiVersion": "2017-03-01-preview",
            "name": "[concat(parameters('servers_cbfcm_name'), '/CB_FoodCrisisManagement/Default')]",
            "dependsOn": [
                "[resourceId('Microsoft.Sql/servers/databases', parameters('servers_cbfcm_name'), 'CB_FoodCrisisManagement')]",
                "[resourceId('Microsoft.Sql/servers', parameters('servers_cbfcm_name'))]"
            ],
            "properties": {
                "state": "Disabled",
                "retentionDays": 0,
                "storageAccountSubscriptionId": "00000000-0000-0000-0000-000000000000",
                "isAzureMonitorTargetEnabled": false
            }
        },
        {
            "type": "Microsoft.Sql/servers/databases/geoBackupPolicies",
            "apiVersion": "2014-04-01",
            "name": "[concat(parameters('servers_cbfcm_name'), '/CB_FoodCrisisManagement/Default')]",
            "location": "East US",
            "dependsOn": [
                "[resourceId('Microsoft.Sql/servers/databases', parameters('servers_cbfcm_name'), 'CB_FoodCrisisManagement')]",
                "[resourceId('Microsoft.Sql/servers', parameters('servers_cbfcm_name'))]"
            ],
            "properties": {
                "state": "Enabled"
            }
        },
        {
            "type": "Microsoft.Sql/servers/databases/securityAlertPolicies",
            "apiVersion": "2018-06-01-preview",
            "name": "[concat(parameters('servers_cbfcm_name'), '/CB_FoodCrisisManagement/Default')]",
            "dependsOn": [
                "[resourceId('Microsoft.Sql/servers/databases', parameters('servers_cbfcm_name'), 'CB_FoodCrisisManagement')]",
                "[resourceId('Microsoft.Sql/servers', parameters('servers_cbfcm_name'))]"
            ],
            "properties": {
                "state": "Disabled",
                "disabledAlerts": [
                    ""
                ],
                "emailAddresses": [
                    ""
                ],
                "emailAccountAdmins": false,
                "retentionDays": 0
            }
        },
        {
            "type": "Microsoft.Sql/servers/databases/transparentDataEncryption",
            "apiVersion": "2014-04-01",
            "name": "[concat(parameters('servers_cbfcm_name'), '/CB_FoodCrisisManagement/current')]",
            "location": "East US",
            "dependsOn": [
                "[resourceId('Microsoft.Sql/servers/databases', parameters('servers_cbfcm_name'), 'CB_FoodCrisisManagement')]",
                "[resourceId('Microsoft.Sql/servers', parameters('servers_cbfcm_name'))]"
            ],
            "properties": {
                "status": "Enabled"
            }
        },
        {
            "type": "Microsoft.Sql/servers/databases/vulnerabilityAssessments",
            "apiVersion": "2017-03-01-preview",
            "name": "[concat(parameters('servers_cbfcm_name'), '/CB_FoodCrisisManagement/Default')]",
            "dependsOn": [
                "[resourceId('Microsoft.Sql/servers/databases', parameters('servers_cbfcm_name'), 'CB_FoodCrisisManagement')]",
                "[resourceId('Microsoft.Sql/servers', parameters('servers_cbfcm_name'))]"
            ],
            "properties": {
                "recurringScans": {
                    "isEnabled": false,
                    "emailSubscriptionAdmins": true
                }
            }
        },
        {
            "type": "Microsoft.Storage/storageAccounts/blobServices/containers",
            "apiVersion": "2019-06-01",
            "name": "[concat(parameters('storageAccounts_cbrawdata_name'), '/default/', parameters('storageAccounts_cbrawdata_name'))]",
            "dependsOn": [
                "[resourceId('Microsoft.Storage/storageAccounts/blobServices', parameters('storageAccounts_cbrawdata_name'), 'default')]",
                "[resourceId('Microsoft.Storage/storageAccounts', parameters('storageAccounts_cbrawdata_name'))]"
            ],
            "properties": {
                "publicAccess": "Container"
            }
        }
    ]
}